title,company,location,apply_link
라인프렌즈 2022년 각 부문 수시,라인프렌즈,서울 용산구,https://kr.indeed.com/rc/clk?jk=1015284880e2ff62&fccid=b6f22bcb6078a2c4&vjs=3
2022년 메타버스 아카데미 1기 교육생,한국전파진흥협회,성남 분당구,https://kr.indeed.com/rc/clk?jk=4a678bc862e55348&fccid=4f2ea8d6d8ab34ba&vjs=3
한국필립모리스 2022년 상반기 수시,한국필립모리스㈜,서울 영등포구,https://kr.indeed.com/rc/clk?jk=44e9ac7f0f94e784&fccid=fb7e65f74b012d18&vjs=3
LG전자,경력,서울 영등포구+1 지역,https://kr.indeed.com/rc/clk?jk=2d2c696e882f71b5&fccid=3f9f08fb4aff7eea&vjs=3
LG이노텍,경력,서울 강서구,https://kr.indeed.com/rc/clk?jk=b2aa32e1466e02d1&fccid=3f9f08fb4aff7eea&vjs=3
LG전자,인턴,서울특별시,https://kr.indeed.com/rc/clk?jk=dd17ecce14793625&fccid=9fd380da59f844d6&vjs=3
각 부문별,네이버제트,성남 분당구,https://kr.indeed.com/rc/clk?jk=ca86fbbb2d63efd3&fccid=bc34e4450e078d19&vjs=3
각 부문별,Siemens Ltd. Seoul,서울 서대문구,https://kr.indeed.com/rc/clk?jk=dbbd8128c4949d62&fccid=ea6bb53f0b18b8f2&vjs=3
"Student Researcher Intern, 2022",Google,서울,https://kr.indeed.com/rc/clk?jk=6dd48f3771d01215&fccid=a5b4499d9e91a5c6&vjs=3
각 부문별,KB데이타시스템,서울 마포구,https://kr.indeed.com/rc/clk?jk=42a2aede5f0d0880&fccid=fe227fbd2afb9580&vjs=3
SW 분야 상시,한화시스템,성남 분당구,https://kr.indeed.com/rc/clk?jk=62dac7c94197e83c&fccid=46ba4635611e86ea&vjs=3
각 부문별,십일번가,서울 중구,https://kr.indeed.com/rc/clk?jk=b773011b209ae03b&fccid=54911ff2dce6c429&vjs=3
각 부문별,직방,서울 종로구,https://kr.indeed.com/rc/clk?jk=89fab436b9d0fd20&fccid=750d792cf813d448&vjs=3
2022년 직원,엔에이치선물,서울 영등포구,https://kr.indeed.com/rc/clk?jk=7f6ac72c1faa8f77&fccid=8c476b3f192227fd&vjs=3
"Software Engineering Intern, 2022",구글코리아,서울 강남구,https://kr.indeed.com/rc/clk?jk=1e052c5f8de98657&fccid=28712efe9a7c8d8a&vjs=3
2022년 1기 하이테크(심화모듈) 과정,한국폴리텍대학분당융합기술교육원,성남 분당구,https://kr.indeed.com/rc/clk?jk=7a8db8b6b903491d&fccid=0e6cbd3a7d3c7896&vjs=3
2022년 새일직업교육훈련 교육생,용산여성인력개발센터,서울 용산구,https://kr.indeed.com/rc/clk?jk=fbed10c0a508a8b7&fccid=52b3dacfe16a5f4b&vjs=3
[신용리스크모델링] 개인/개인사업자 신용평가모형 개발 및 운영 담당자,한국카카오은행,성남 분당구,https://kr.indeed.com/rc/clk?jk=1aaf77e69d97391e&fccid=aea6a13a3459fdb2&vjs=3
[고객서비스] 데이터 분석 및 예측모형 개발 담당자,한국카카오은행,성남 분당구,https://kr.indeed.com/rc/clk?jk=fb144d2f495e2b79&fccid=aea6a13a3459fdb2&vjs=3
[NICE평가정보]상반기 신입/경력 직원 수시,나이스평가정보,서울 영등포구,https://kr.indeed.com/rc/clk?jk=af67b6d514cf9a63&fccid=1eee1d17fecc4bbe&vjs=3
[NAVER Z] 데이터 엔지니어,네이버제트,성남 분당구,https://kr.indeed.com/rc/clk?jk=50028daa2c74bdc3&fccid=bc34e4450e078d19&vjs=3
각 부문별,드림어스컴퍼니,서울 서초구,https://kr.indeed.com/rc/clk?jk=89da943e9a11af36&fccid=d5dc18a57ad82f07&vjs=3
[LX세미콘] 2022년 4월 경력사원,엘엑스세미콘,대전 유성구,https://kr.indeed.com/rc/clk?jk=2023ab73de6a2e7b&fccid=f08d65b15391c27f&vjs=3
"자율 주행, 로봇 SW 개발자",에바,성남 수정구,https://kr.indeed.com/rc/clk?jk=e30fe92d72ceb17c&fccid=5cc87f5890bd7170&vjs=3
"S/W 엔지니어, 데이터분석 신입/경력 정규직, 인턴",가치랩스,성남 분당구,https://kr.indeed.com/rc/clk?jk=5ea9ea023c6ccc03&fccid=2c37c13a0926862d&vjs=3
[마비노기모바일] 연구 개발 프로그래머,데브캣,서울 강남구,https://kr.indeed.com/rc/clk?jk=f0c7c08485085240&fccid=54fae5dfae67ca77&vjs=3
소프트웨어개발 경력무관 (정규직),보다텍,서울 성동구,https://kr.indeed.com/rc/clk?jk=316ac12533b5c779&fccid=0bbf5173a46fa5a0&vjs=3
데이터분석가 - Global Leading Consulting Firm,에스에프인촌,서울,https://kr.indeed.com/rc/clk?jk=5f5242f36639cd8e&fccid=629bf66c8ed71fe3&vjs=3
코딩에 빠진 수퍼 개발자 (펌웨어 개발),에바,성남 수정구,https://kr.indeed.com/rc/clk?jk=f54bac6c78fd3240&fccid=5cc87f5890bd7170&vjs=3
전문연구요원 (병역특례) 수시 (AI / HW 분야),딥엑스,성남 분당구,https://kr.indeed.com/rc/clk?jk=78e99625e5de3c95&fccid=e34932b8232a173b&vjs=3
AI Backend 시스템 개발 전문가,에스케이텔레콤,서울 중구,https://kr.indeed.com/rc/clk?jk=552d19ff588db14f&fccid=ce2f0f28b40a5be8&vjs=3
SW 분야 상시 채용,한화그룹,서울,https://kr.indeed.com/rc/clk?jk=ff65b0301d703f24&fccid=bd0dc1817223394f&vjs=3
"Student Researcher Intern, 2022",구글코리아,서울 강남구,https://kr.indeed.com/rc/clk?jk=19bec8e9df6b4192&fccid=28712efe9a7c8d8a&vjs=3
Software Engineer - Python and K8s,Canonical - Jobs,서울,https://kr.indeed.com/rc/clk?jk=9e154b5b00d09b31&fccid=d40b824c7b625849&vjs=3
[신입] Growth Data Analyst,네이버,서울,https://kr.indeed.com/rc/clk?jk=8084fbb717c9ae95&fccid=412ff571bced2587&vjs=3
연구 개발 프로그래머 (키메이커팀),데브캣,서울 강남구,https://kr.indeed.com/rc/clk?jk=b1dff208ada65163&fccid=54fae5dfae67ca77&vjs=3
2022년 상반기 정보보안 엔지니어 -취약점 파트,인섹시큐리티,서울 금천구,https://kr.indeed.com/rc/clk?jk=96f65964c7d253e6&fccid=eca3ed7a6170dfe7&vjs=3
[kt ds] 2022년 각 부문별 경력사원 수시,케이티디에스,서울 서초구,https://kr.indeed.com/rc/clk?jk=b515669e8032265b&fccid=601de6e8c2eec868&vjs=3
전문연구요원 (병역특례) 수시 (AI / SW 분야),딥엑스,성남 분당구,https://kr.indeed.com/rc/clk?jk=d83fc0dd2641f483&fccid=e34932b8232a173b&vjs=3
[NHN] 인사운영,NHN] [NHN,성남 판교역,https://kr.indeed.com/rc/clk?jk=a27cd33cb789697d&fccid=a72ebaf825acf7af&vjs=3
LG CNS,경력,서울,https://kr.indeed.com/rc/clk?jk=6d86e9f32d31c84f&fccid=3f9f08fb4aff7eea&vjs=3
"Python,R,DataAnalysis,머신러닝,빅데이터 인턴 신입/경력",파인트리파트너스 주식회사 관심기업,서울 도화동,https://kr.indeed.com/rc/clk?jk=c46b8f31577254d3&fccid=4c458be029af0a85&vjs=3
[카카오커머스] 기술직군,카카오커머스,성남 분당구,https://kr.indeed.com/rc/clk?jk=2b9e604e63e7e46d&fccid=b1f5de6cae96f6c2&vjs=3
[외국계 스타트업 미소] Business Analyst,유한회사 미소,서울,https://kr.indeed.com/rc/clk?jk=51df90967b46e8f0&fccid=02936474a8d39137&vjs=3
클라우드 보안 서비스 담당자 [경력],씨디네트웍스,서울 강남구,https://kr.indeed.com/rc/clk?jk=98a7efe5b913ca84&fccid=6510d9ba2c683a48&vjs=3
"딥러닝, AI(컴퓨터비전) 분야 응용 프로그래머 (병역특례)",스칼라웍스,서울 금천구,https://kr.indeed.com/rc/clk?jk=408ea2e44ae396bc&fccid=d1224297334bfd66&vjs=3
마케팅팀 블록체인 기반 서비스 개발자,카카오브이엑스 (KAKAO VX),성남 분당구,https://kr.indeed.com/rc/clk?jk=0d3e6cc3ce3e54f5&fccid=4216f6ddcf9f4c8f&vjs=3
[인재풀] 아티스트 ART,Electronic Arts,서울,https://kr.indeed.com/rc/clk?jk=aac8e9355cb855ac&fccid=617d7f961cfcf54a&vjs=3
[CJ Olivenetworks/경력] MLOps 플랫폼 연구/개발,씨제이올리브네트웍스,서울 용산구,https://kr.indeed.com/rc/clk?jk=68deab9ea3c9c819&fccid=0481711d527e520b&vjs=3
디자인팀 웹퍼블리셔 경력직,인크루트,서울 중구,https://kr.indeed.com/rc/clk?jk=6ab1a49ea7d89857&fccid=5ab33f6f3ece0f53&vjs=3
딥러닝 AI 개발 연구원,베이리스,성남 수정구,https://kr.indeed.com/rc/clk?jk=87309d3ff40ead61&fccid=ce871e9e4a9f430a&vjs=3
데이터 사이언티스트,베이글코드,서울 강남구,https://kr.indeed.com/rc/clk?jk=e7e443b717af3b6c&fccid=c8d68a4a912ede1d&vjs=3
금융 Data Scientist 컨설턴트,페니로이스,서울 종로구,https://kr.indeed.com/rc/clk?jk=4878f09bb45acf42&fccid=071ef5e261747b4b&vjs=3
Vision AI 알고리즘 및 응용서비스 개발자,에스케이텔레콤,성남 분당구,https://kr.indeed.com/rc/clk?jk=49c2335270363fe6&fccid=ce2f0f28b40a5be8&vjs=3
"데이터베이스개발자, 웹개발 신입/경력 정규직",여의도사람들,서울 영등포구,https://kr.indeed.com/rc/clk?jk=e91b5984e7f5d3fd&fccid=298f56956b7c691f&vjs=3
Business Development Markets 신입 채용,삼정 KPMG,서울 강남구,https://kr.indeed.com/rc/clk?jk=24ac053d8e788829&fccid=7651bf7c7525e8f6&vjs=3
기술 인턴 인공지능 응용 연구/개발 인턴,써로마인드로보틱스,서울 관악구,https://kr.indeed.com/rc/clk?jk=71c47ac87bb4087e&fccid=230e414668234579&vjs=3
[KSTEC] 통계 및 Business Analytics 신입 및 경력사원,지식시스템,성남 분당구,https://kr.indeed.com/rc/clk?jk=0776d9aa07c7c05d&fccid=3061a9a0f5168def&vjs=3
Software Engineer,Google,서울,https://kr.indeed.com/rc/clk?jk=e7c8c2b11f24fb43&fccid=a5b4499d9e91a5c6&vjs=3
[신입/경력] 의료영상/음성인식/생체신호 연구원,뷰노코리아,서울 서초구,https://kr.indeed.com/rc/clk?jk=c35e9b72a11aa338&fccid=282d63dcd74d554d&vjs=3
5G RAN R&D 소프트웨어 개발자 신입/경력0명 채용,Ericsson,서울,https://kr.indeed.com/rc/clk?jk=3427e1501be6dc64&fccid=82656d64a9a3e6a7&vjs=3
LG유플러스,무관,서울,https://kr.indeed.com/rc/clk?jk=abdc136f65ceddd4&fccid=8fa33139d6c84711&vjs=3
[신입/경력] 영상 인식 알고리즘 개발자,몹티콘,서울 구로구,https://kr.indeed.com/rc/clk?jk=a6a789a6112b44fe&fccid=8d549f5e40b3bac5&vjs=3
"[로봇개발본부(판교근무)] 각 분야별 (백엔드, WEB APP 개발, APP 개발)",트위니,성남 분당구,https://kr.indeed.com/rc/clk?jk=46253fd5b203d931&fccid=23be2fb814122495&vjs=3
2022년 상반기 IT 경력사원 모집,한화그룹,서울,https://kr.indeed.com/rc/clk?jk=a94cf0834846a087&fccid=bd0dc1817223394f&vjs=3
[FashionGo korea] 추천 통계 분석 및 모델 연구 개발,NHN FashionGo korea] [FashionGo korea,성남 판교역,https://kr.indeed.com/rc/clk?jk=e13c32ba4eff23da&fccid=a72ebaf825acf7af&vjs=3
"[광고 추천] 데이터 사이언스, 머신러닝 전문가 영입",카카오,성남 판교역,https://kr.indeed.com/rc/clk?jk=62207843f8aee746&fccid=32b9af632cf3b9f9&vjs=3
"(강남구 학동) 분야별, 백엔드 및 프론트 엔드 신입/경력 개발자",크레펀,서울 강남구,https://kr.indeed.com/rc/clk?jk=fc2c8a32869ade97&fccid=57d6274c43f94a09&vjs=3
[어니컴(주)] 데이터 분석가 신입/경력,어니컴,서울 용산구,https://kr.indeed.com/rc/clk?jk=cf2f92765ca8a147&fccid=5c6ed722e9346a08&vjs=3
웹 개발(풀스택) - 5년이상(데이터),유비케어,서울 영등포구,https://kr.indeed.com/rc/clk?jk=a24d8b9e384d21ec&fccid=3cb0cf5421b60068&vjs=3
Associate Data Scientist,BOEING,서울,https://kr.indeed.com/rc/clk?jk=465df667c86ba716&fccid=edae4285faf6c2f0&vjs=3
[NAVER Cloud] Media 서비스 개발,네이버클라우드,성남 분당구,https://kr.indeed.com/rc/clk?jk=68b7dec545fc950f&fccid=54815931228b42c0&vjs=3
캐롯손해보험 인재 Pool 등록(2021),캐롯,서울 중구,https://kr.indeed.com/rc/clk?jk=88fd25fcd85ba187&fccid=cceb427119f46745&vjs=3
C++ Developer for High-Performance Cloud Database,SAP,서울,https://kr.indeed.com/rc/clk?jk=52833700df9af4c1&fccid=156c7820d1988640&vjs=3
영상의학과 연구원,서울대학교병원,서울 종로구,https://kr.indeed.com/rc/clk?jk=d392e01df4c09df9&fccid=1b1ab7cdfbe170ef&vjs=3
지투알,경력,서울,https://kr.indeed.com/rc/clk?jk=dc1112acd3f69893&fccid=3f9f08fb4aff7eea&vjs=3
웹시스템 및 솔루션 분야 프로그래머 및 웹퍼블리셔,위더스이십일,서울 금천구,https://kr.indeed.com/rc/clk?jk=8e60094702b4fe05&fccid=9e55ed7ba86ec5da&vjs=3
[하나금융융합기술원] Bigdata&AI 연구/엔지니어 부문 (~4/18),하나금융티아이,서울 강남구,https://kr.indeed.com/rc/clk?jk=ff08b6c3b6b941d8&fccid=eb82f052aed06b37&vjs=3
3D영상/딥러닝/메타버스 소프트웨어 개발자,엠앤앤에이치,서울 성동구,https://kr.indeed.com/rc/clk?jk=ca36dad4ca9dec3e&fccid=d6221abd1075a61c&vjs=3
8퍼센트 개발자 (신입/경력),8퍼센트,서울 종로구,https://kr.indeed.com/rc/clk?jk=8af26b37623864c4&fccid=ac216a9ae7b75c06&vjs=3
"[대기업] 클라우드/IoT 플랫폼, 솔루션 개발",비에이블컨설팅그룹,서울,https://kr.indeed.com/rc/clk?jk=e3b2746350f16f16&fccid=a0cfd8e178006c0c&vjs=3
2022년 [이공계] IoT 센서 활용 플랫폼 구축 위한 임베디드 SW개발자 과정 교육생,한컴아카데미,서울 영등포구,https://kr.indeed.com/rc/clk?jk=58a2acc48f9dc16e&fccid=bc4991547811b174&vjs=3
PostgreSQL Engineer 모집,카카오,성남 판교역,https://kr.indeed.com/rc/clk?jk=5e83925b851c406f&fccid=32b9af632cf3b9f9&vjs=3
[실내배송로봇 연구개발] - Computer Vision & Machine learning Engineer,로보티즈,서울 강서구,https://kr.indeed.com/rc/clk?jk=08f1a200826ddeda&fccid=3f656eb87b759ea2&vjs=3
[PPM솔루션 클로바인] 연구소 IT 테크 직군 선행연구 개발자,헤븐트리,서울 강남구,https://kr.indeed.com/rc/clk?jk=ea23fdac1fec9112&fccid=81880cb2b512246a&vjs=3
[TmaxEdu/R&D] 연구 개발자,티맥스소프트,성남 분당구,https://kr.indeed.com/rc/clk?jk=f39228a4258c0f76&fccid=445576e2a7ced0d6&vjs=3
Data Engineer 신입사원,플리토,서울 강남구,https://kr.indeed.com/rc/clk?jk=5ab0b45dfa93411b&fccid=01aed038bcce2a5f&vjs=3
[빅데이터플랫폼] 데이터 사이언티스트,한국카카오은행,성남 분당구,https://kr.indeed.com/rc/clk?jk=a6aa51685a869bfb&fccid=aea6a13a3459fdb2&vjs=3
Quantitative Research Intern,WorldQuant,서울,https://kr.indeed.com/rc/clk?jk=4a0a7b36dbc554f9&fccid=08487f979320ebae&vjs=3
JR0186078 AI Research Engineer Intern,인텔코리아,서울,https://kr.indeed.com/rc/clk?jk=016de9bb83a8032d&fccid=ded06d6a6799d929&vjs=3
서버 개발자 Python(Django) Developer (경력),아테나스랩,서울 마포구,https://kr.indeed.com/rc/clk?jk=2f3bdc82e6847a4f&fccid=f7418ec5d47158aa&vjs=3
[연구개발 부문] 연구원 (MCU 계측제어설계/머신비전/이미지프로세싱),모든,경기도 광명,https://kr.indeed.com/rc/clk?jk=169c34429b3b9f76&fccid=439b0412f66a75cd&vjs=3
[NAVER Cloud] 리눅스 배포판 개발,네이버클라우드,성남 분당구,https://kr.indeed.com/rc/clk?jk=636cf4be726ad126&fccid=54815931228b42c0&vjs=3
데이터표준화 부문 경력,현대오토에버,서울 강남구,https://kr.indeed.com/rc/clk?jk=7585ef1908280606&fccid=d5a22a3e93377742&vjs=3
국제경제/원자재 시장분석 애널리스트,코리아피디에스,서울 마포구,https://kr.indeed.com/rc/clk?jk=ddb4285e5876ab62&fccid=b029a48de3a2d9cb&vjs=3
"S/W개발자, H/W개발자, 기구설계 전문가",뉴로직,서울 강서구,https://kr.indeed.com/rc/clk?jk=b40a09bb26c18930&fccid=1c14b7e61b939702&vjs=3
[실내배송로봇 연구개발] - Robotics Software Engineer,로보티즈,서울 강서구,https://kr.indeed.com/rc/clk?jk=4a3d80c0677225a6&fccid=3f656eb87b759ea2&vjs=3
데이터 엔지니어 - Global Leading Consulting Firm,에스에프인촌,서울,https://kr.indeed.com/rc/clk?jk=64a309b164fcc9e6&fccid=629bf66c8ed71fe3&vjs=3
[TmaxAI/R&D] NLP/음성 부문 AI모델 개발자,티맥스소프트,성남 분당구,https://kr.indeed.com/rc/clk?jk=69714189742f0915&fccid=445576e2a7ced0d6&vjs=3
[NHN SOFT] Back-End 경력 개발자,엔에이치엔소프트,성남 분당구,https://kr.indeed.com/rc/clk?jk=3617e30a1af44426&fccid=45c94fe0dfab2ad3&vjs=3
메타버스아카데미 1기 교육생모집(훈련비 지급),한국전파진흥협회,경기 성남시교육생(연수생),https://job.incruit.com/jobdb_info/jobpost.asp?job=2203250000724
2022년 디지털/ICT 수시채용,(주)신한은행,서울 중구계약직,https://job.incruit.com/jobdb_info/jobpost.asp?job=2204050002150
2022년 디지털/ICT 수시채용 석·박사 특별채용 공고,(주)신한은행,서울 중구 외정규직,https://job.incruit.com/jobdb_info/jobpost.asp?job=2203300003797
상반기 각 부문 신입/경력 직원 채용,한국전자금융(주),서울 외계약직,https://job.incruit.com/jobdb_info/jobpost.asp?job=2204050005832
사업기획/마케팅/서비스/상담/심사청구/재무/세무회계/IT/사내카페 등 채용,(주)광덕안정,서울 서초구 외정규직,https://job.incruit.com/jobdb_info/jobpost.asp?job=2204010008317
각 부문별 모집,주식회사 카카오,경기 성남시정규직외,https://job.incruit.com/jobdb_info/jobpost.asp?job=2203240000828
라인프렌즈 2022년 각 부문 수시채용,라인프렌즈 주식회사,서울 용산구 외정규직,https://job.incruit.com/jobdb_info/jobpost.asp?job=2202160003964
각 부문별 채용,Siemens Ltd. Seoul,서울 서대문구정규직외,https://job.incruit.com/jobdb_info/jobpost.asp?job=2203240004490
한국필립모리스 2022년 상반기 수시 채용,한국필립모리스㈜,서울 영등포구 외정규직외,https://job.incruit.com/jobdb_info/jobpost.asp?job=2203150001404
YG엔터테인먼트 2022년 각 부문 수시채용,(주)YG엔터테인먼트,서울 마포구 외정규직,https://job.incruit.com/jobdb_info/jobpost.asp?job=2202150007500
